key,value
สกปรก,0
ขอบคุณสำหรับรีวิวนะคะ,0
อยากลองเที่ยวคนเดียวดูบ้าง,0
นั่ง?เรือ?ข้าม?ไป?เกาะ?ล้าน? นาน?ไหม?ครับ,0
ขอบคุณสำหรับรีวิวดีๆ นะครับ,0
เกาะกูด เที่ยวให้สุดก็ไม่หยุดรักธอ,0
สีสันตะวันออก,0
ไม่แย่แต่ก็ไม่ได้ดี,0
คนเยอะเกิน,0
มันโอเค,0
ก็พอใช้ได้
ตรงไหน,0
มีการวัดอุณหภูมิร่างกาย,0
ห้องแอร์ขนาดใหญ่,0
ฟหกหฟกฟหก,0
ห้องน้ำไม่ดีแต่ภาพรวมสวยมาก,0
ๆไะำไพพไำั,0
อิมทืใทใฝ,0
ให้อาหารปลาค่ะ,0
ๅ/-ภถุึ,0
ประวัติความเป็นมาของผ้าไหมไทย,0
ไกด์นำเที่ยววิ่งเร็วเกินไป,0
ไม่ค่อยเห็น,0
มาขอพรค่ะ,0
หัวโบราณ,0
คนค่อนข้างแน่น ถือว่าดีสำหรับชาวพุทธ,0
ไม่ใช่ตัวเลือกที่ไม่ดี แต่ไม่ควรเป็นตัวแรก,0
มันดี แต่ไม่ดี,0
ไม่แน่ใจว่ามันคุ้มค่า,0
ฟหกฟหก,0
ทัวร์บ้านหลังเล็ก ๆ,0
เล็กกว่าที่คาดไว้,0
ไม่มีเครื่องปรับอากาศ,0
โอเคไปเที่ยว,0
แค่โอเค,0
ไม่ใช่ ครับ แค่โอเค,0
น่าสนใจ แต่ไม่ใช่ต้องดู,0
สถานที่น่าสนใจ ถ้าคุณอยากเรียนรู้เกี่ยวกับอุตสาหกรรมผ้าไหม,0 
ฝทมทสนยานบยมบ,0
ๅ/-ภถุึคตจม,0
ไม่มีอะไรน่าตื่นเต้นเกินไป,0
เป็นเรื่องที่ดี แต่ตาดมากเกินไป,0
การผสมผสานที่ลงตัวของตะวันออกและตะวันตก,0
ใมทฝาสวาส,0
เป็นวัดที่ตั้งอยู่บนภูเขา ซึ่งมีพระพุทธรูปขนาดใหญ่ประดิษฐานอยู่,0
หาดที่เงียบสงบกว่า ของเกาะเฮ,0
หาดชื่อดัง ทรายละเอียด,0
คนไม่เยอะ แมวเต็มวัดเลยค่ะ ห้องน้ำมีกลิ่น,0
มีนักท่องเที่ยวต่างชาติมาเที่ยวเยอะ,0
นักท่องเที่ยวต่างชาติเยอะมากๆ,0
เป็นที่ที่เงียบกว่าเยอะในพระบรมมหาราชวังจัดแสดง,0
รัก แต่แออัด,0
ร้านอาหารเยอะ,0
คนค่อนข้างเยอะ,0
เฉยๆ,0
ประสบการณ์จริง,0
อากาศหนาวๆ,0
การผจญภัยที่ยิ่งใหญ่,0
ช่วงระยะการเดินทางที่ดี,0
อากาศ,0
อุทยานเขาใหญ่ ป่างามไม่ไกลกรุง,0
ธรรมชาติ,0
การเดินทาง,0
งั้นๆ,0
นักท่องเที่ยว,0
ตัวที่ดีสำหรับการพักผ่อนใกล้กรุงเทพ,0
ฤดูหนาวนี้ครอบครัวเรามาแค้มปิ้ง,0
ห้ามนำสัตว์เลี้ยงเข้ามา,0
ห้ามนำเครื่องเสียงเครื่องดนตรีเข้ามา,0
ห้ามส่งเสียงดังรบกวนผู้อื่น,0
ป่าไม้,0
ไม่มีอะไรพิเศษ,0
ราคาสูง,0
สวัสดีครับ,0
สวัสดีค่ะ,0
เดินทาง,0
สวัสดีค่า,0
สถานที่นี้มีความเงียบสงบที่น่าประทับใจ,0
บรรยากาศรอบๆ สถานที่สดชื่น,0
บรรยากาศรอบๆ,0
สถานที่นี้มีการจัดการท่องเที่ยวที่ดี,0
ที่นี่มีสิ่งอำนวยความสะดวกสำหรับนักท่องเที่ยว,0
สถานที่นี้มีที่นั่งพักผ่อนที่สะดวกสบาย,0
สิ่งอำนวยความสะดวก,0
สำหรับนักท่องเที่ยว,0
สภาพแวดล้อมรอบๆ ที่นี่ดีเลย,0
ที่นี่มีกิจกรรมท่องเที่ยวที่น่าสนุก,0
บรรยากาศรอบๆ สถานที่เป็นที่สุขสงบ,0
น้ำตกมีลักษณะทางธรรมชาติที่น่าทึ่ง,0
วัดมีสถาปัตยกรรมที่งดงาม,0
ศิลปะและประวัติศาสตร์ที่น่าสนใจ,0
มีการจัดงานพิธี,0
เทศนา,0
มีหลายวัดที่มีลักษณะเฉพาะ,0
วัดมีการเก็บรักษาศิลปะโบราณ,0
มีสถานที่ทำบุญและวัดพระ,0
บรรยากาศในวัดส่งเสริมความสงบ,0
มีที่นั่งสวยงามในวัด,0
มีประวัติศาสตร์ที่น่าสนใจ,0
วัดมีทั้งศิลปะ,0
ศิลปะ,0
บางวัดมีการจัดกิจกรรมทางศิลปะ,0
มีที่นั่ง,0
สำหรับพักผ่อน,0
บรรยากาศในวัดสะดวกสบาย,0
มีพระพุทธรูปที่มีความสวยงาม,0
มีประวัติศาสตร์ที่หลากหลาย,0
พระพุทธรูป,0
วัดมีบุคลากรที่ให้บริการ,0
มีการจัดกิจกรรมทางศิลปะ,0
วัดมีบุคลากรที่มีความเอาใจใส่,0
มีกิจกรรมสร้างสรรค์ในวัด,0
บรรยากาศสวยงามในวัด,0
มีการจัดแสดงที่น่าสนใจ,0
วัดมีการอนุรักษ์ศิลปะโบราณ,0
บรรยากาศในวัดสะดวกสบาย,0
มีพระพุทธรูปที่มีความสง่า,0
บางวัดมีกิจกรรมส่งเสริมศิลปะ,0
มีที่นั่งพักที่สวยงาม,0
วัดมีการจัดทำนาฬิกาที่น่าสนใจ,0
มีที่นั่งรอในวัดที่สะดวกสบาย,0
วัดมีประวัติศาสตร์ที่ยาวนาน,0
บรรยากาศในวัดเงียบสงบ,0
มีสถานที่ทำบุญ,0
วัดพระ,0
ประสบการณ์ในป่าดงพงไพร,0
ประสบการณ์,0
มีการจัดงานพิธีและเทศนาที่น่าสะดวก,0
วัดมีทั้งศิลปะล้างต้นศิลปะ,0
มีที่นั่งสวยงามในวัด,0
บรรยากาศในวัดสะดวกสบาย,0
มีพระพุทธรูปที่มีความสวยงาม,0
วัดมีบุคลากรที่ให้บริการ,0
มีการจัดกิจกรรมทางศิลปะ,0
วัดมีบุคลากรที่มีความเอาใจใส่,0
มาจากต่างจังหวัด,0
มีกิจกรรมสร้างสรรค์ในวัด,0
บรรยากาศสวยงามในวัด,0
มาถ่ายรูปได้ครับ,0
บ้านสวย ของแปลกที่ไม่ค่อยได้เห็นทั่วไปเยอะ แต่เวลาเข้าชมตัวบ้านจริงๆจำกัด,0
บ้านไทยแบบผสมผสาน,0
ชอบบรรยากาศไทยๆ,0
น่าสนใจ,0
ไม่มีผู้คนสะดวกมาก,0
มีการจัดแสดงที่น่าสนใจ,0
วัดมีการอนุรักษ์ศิลปะโบราณ,0
มีที่นั่งพักและพื้นที่สวน,0
บรรยากาศในวัดสะดวกสบาย,0
มีพระพุทธรูปที่มีความสง่า,0
วัดมีการจัดทำนาฬิกาที่น่าสนใจ,0
มีที่นั่งรอในวัดที่สะดวกสบาย,0
ห้างสรรพสินค้าทั่วไป,0
ช้อปปิ้งระดับไฮเอนด์,0
คิดอะไรไม่ออกก็ไป,0
คนเยอะมาก,0
มันแย่ยังไง,0
มันดียังไง,0
ไม่มีอะไรอื่น,0
ผู้คนจำนวนมาก,0
มีความสะอาด,0
สินค้าหลากหลายแต่ราคาไม่ถูกเท่าไร,0
บรรยากาศดูดีแต่คนเยอะมาก,0
ร้านค้ามีการจัดวางสินค้าที่มักเปลี่ยน,0
มีโปรโมชั่นที่น่าสนใจ,0
บริการลูกค้าค่อนข้างช้า,0
ราคาอาหารและกิจกรรมบางแห่งค่อนข้างสูง,0
มีที่นั่งรอที่มีความสะดวกสบาย,0
อาหารและเครื่องดื่มมีความคุ้มค่า,0
บางครั้งมีการจัดกิจกรรมที่น่าสนุก,0
การจัดทำคิวในร้านอาหารไม่เป็นระเบียบ,0
มีบริการจัดส่งสินค้าที่สะดวก,0
ร้านค้ามีเวลาเปิดบริการที่ยาวนาน,0
มีบริการจัดเก็บสินค้าที่ซื้อ,0
ระบบจอดรถไม่ค่อยสะดวก,0
มีสิ่งที่น่าสนใจสำหรับทุกกลุ่ม,0
ร้านค้ามีสินค้าที่ไม่ค่อยพบที่อื่น,0
บริการขนส่งสามารถใช้ได้,0
ร้านค้ามีบริการตรวจสอบสินค้า,0
มีที่นั่งพักและพื้นที่สำหรับเดินเล่น,0
นั่งพัก,0
พื้นที่สำหรับเดินเล่น,0
บางร้านมีราคาสินค้าที่เหมาะสม,0
มีบริการจัดส่งฟรี,0
บางร้านมีบริการลูกค้าที่ดี,0
มีโปรโมชั่นลดราคาบ้าง,0
ร้านค้ามีการจัดวางสินค้าที่น่าสนใจ,0
บรรยากาศสะดวกสบาย,0
ร้านค้ามีสินค้าที่เน้นศิลปะ,0
มีบริการจัดส่งสินค้าถึงบ้าน,0
บรรยากาศดีในห้าง,0
มีบริการลูกค้าในภาษาต่างประเทศ,0
ร้านค้ามีบริการช่วยเหลือคนพิการ,0
มีโปรโมชั่นส่วนลด,0
มีโปรโมชั่น,0
เดินไปน้ำตก,0
อาหารกลางวัน,0
ขี่ช้าง,0
ฟหกหฟดกหฟดเหฟดเ,0
พื้นฐาน,0
บางร้านมีการจัดทำนาฬิกาที่น่าสนใจ,0
บรรยากาศในห้างน่ารัก,0
บางร้านมีการจัดแสดงที่น่าสนใจ,0
บรรยากาศในห้างเงียบสงบ,0
ร้านค้ามีสินค้าที่เน้นวัฒนธรรมไทย,0
มีบริการจัดงานสัมมนา,0
มีที่นั่งรอในรถลิฟท์ที่สะดวก,0
ไม่มีห้องน้ำ,0
บางร้านมีบริการแต่งตัว,0
สงบดีคะ แต่ถ้าสายๆคนจะมาเยอะ,0
มีที่นั่งสำหรับพักผ่อน,0
บางร้านมีบริการแก้ไขสินค้า,0
มีบริการช่วยเหลือด้านต่าง ๆ,0
เป็นคนชอบช๊อปปิ้งอยู่เเล้วค่ะ,0
บางร้านมีบริการจัดทำโปรโมชั่น,0
บางร้านมีการจัดงานสัมมนา,0
มีบริการช่วยเหลือคนทุกวัย,0
บรรยากาศในร้านค้าน่ารัก,0
มีบริการจัดทำงานแสดงศิลปะ,0
มีที่จอดรถสำหรับคนพิการ,0
บางร้านมีบริการจัดส่งฟรี,0
ไม่ค่อยมีอะไรที่น่าสนใจ,0
ดีชม ดีมากที่วัดนี้ อย่างไรก็ตาม มันแออัด,0
ความสวยงามทางศาสนา,0
การเดินป่าที่ดี,0
รู้สึกเฉยๆ,0
รู้สึกงั้นๆ,0
ดที่สวยงาม แต่มันก็ยุ่งเกินไป,0
เป็นสถานที่ที่ไม่ควรพลาดเมื่อคุณอยู่ภายในอาคารเดอะแกรนด์พาเลซ เป็นวัดที่เก่าแก่ที่สุดแห่งหนึ่ง,0
เงียบสงบดีครับแต่ช่วงสายๆจะคนเยอะ,0
ความสวยงามที่ควรสัมผัส,0
เอกลักษณ์ที่ต้องสัมผัสด้วยตาตนเอง,0
หาที่เดินชิวไปสบายๆผ่านมามีโอกาสแวะเป็นสถานที่ที่ทำให้ใจสงบดี,1
เป็นวัดที่สวยมากอากาศร่มรื่นมาก มีความสะอาด,1
วัดที่สวยมากอากาศร่มรื่นมาก,1
วัดมีความสวยงาม เป็นเอกลักษณ์,1
สวยมากครับ รู้สึกนึกถึงอดีต ไปหลายครั่งมากก็ยังประทับใจอยู่ทุกครั้งเลยครับ,1
มีการดูแลสถานที่ดีสะอาดเป็นระเบียยเรียบร้อยรักษาสภาพให้น่าเยี่ยมชมดี​,1
เป็นวัดที่ค่อนข้างร่มรื่น สวยงาม,1
สถานที่กว้างขวาง,1
เดินทางสะดวก,1
เงียบสงบ เย็นสบาย,1
ไปกี่รอบก็ไม่เบื่อ,1
สถานที่สวยงาม,1
วัดสวยเหมาะกับมาทำบุญถ่ายรูป,1
แพงและดี,1
ไม่ผิดหวัง,1
ชุดสวยราคาไม่แพง,1
สวยมาก เดินเที่ยวชมทั้งวันก็ไม่รู้สึกเหนื่อย,1
คือดีไม่ร้อน คนไม่วุ่นวาย สงบและสวยงามมาก เสียงลมพัดทำให้จิตใจสงบ,1
สวยงามมาก,1
วัดที่มีสถาปัตยกรรมและพุทธศิลป์อันงดงามระดับโลก,1
งดงาม,1
คนไม่วุ่นวาย,1
สงบและสวยงามมาก,1
บรรยายกาศดีครับ,1
การพักผ่อนที่ดี,1
เป็นวัดที่เก่าแก่สวยงามมาก,1
วัดที่เข้าไปแล้วสบายกาย,1
ดีเยี่ยม,1
วัดที่มีพระพุทธรูป​ที่สวยงามมาก,1
สบายดี,1
ประสบการณ์ที่ดี,1
รู้สึกดีมาก,1
ดีมากเลยครับ,1
ดีมากเลย,1
ประทับใจ,1
ที่นี้มีร้านอาหารใกล้ๆ,1
เหมาะสำหรับนัดเจอเพื่อน,1
สวยงามระดับโลก,1
ใครสายถ่ายรูปห้ามพลาด,1
น่ารักมากจร้า,1
พึงพอใจมาก,1
ห้องน้ำสะอาด,1
บริการคุณภาพ ประทับใจ,1
ผ่อนคลาย,1
ชอบประสบการณ์นี้มาก,1
วัดสวย คนไม่พลุกพล่าน,1
สถานที่ ที่ไม่ควรพลาด,1
สถาปัตยกรรมที่สวยงาม,1
ภาพสวยมาก,1
ไม่น่าเบื่อ,1
ไม่แย่,1
ดี,1
ดีสุด,1
ดีสุดๆ,1
บริการดี ประทับใจ ไม่ผิดหวัง,1
นวดดีมาก พนักงานสุภาพ น่ารัก,1
อิ่มบุญ สบายใจ,1
จอดรถสะดวก,1
สงบ สวย และน่าเคารพ,1
วัดไทยสวยจริงๆ,1
อิ่มบุญ และ ผ่อนคลาย,1
เหมาะแก่การพักผ่อน และช้อปปิ้ง,1
วัดสวย,1
เยี่ยมชมที่น่าจดจำมาก,1
ช่วงนี้คนไม่ค่อยเยอะ,1
มันคุ้มค่า,1
สวยมากๆ,1
สวยมากค่ะ,1
ดีมาก,1
วัดดีที่น่าจดจำ,1
ประสบการณ์ดีๆและความรู้สึกที่ดี แนะนำอย่างยิ่ง,1
สิ่งที่ไม่ควรพลาด,1
ประสบการณ์ชั้นนำของเราในประเทศไทย,1
สวยงามตามท้องเรื่อง,1
ห้องสวย วิวดี โอเคเลย พื้นที่ก็กว้างพอสมควร,1
ขอบคุณสำหรับรีวิวค่ะ น่าไปตามมากๆ,1
เคยไปหลายปีแล้ว  ชอบหาดตาแหวนสุดเลย หาดกว้าง ทรายสวย น้ำทะเลใสวิ้ง,1
น่าตามรอยมากจ้า...ขอบคุณค่ะ,1
สวยมากค่ะน้ำใสน่าไปเที่ยวมาก,1
สวยมากเลยค่ะ ถ่ายรูปสวนมากด้วย,1
น่าเที่ยวค่ะ,1
สถานที่สะอาดมาก,1
เงียบสงบ,1
ดีจัง,1
ร้านอาหารให้เลือกเยอะเหมาะ,1
สะอาด สะดวกเวลามา,1
น่าเที่ยวจังค่ะ,1
หรูหรา,1
การดูแลเข้มงวด,1
ขอบคุณค่ะสวยมากน่าไปถ่ายรูป,1
ยอดเยี่ยม,1
ยอดเยี่ยมมาก,1
ยอดเยี่ยมสุดๆ,1
ยอดเยี่ยมจริงๆ,1
ขอบคุณมากค่ะ น่าไปจัง,1
คู่มือที่ยอดเยี่ยมสำหรับทัวร์ป่าจริง,1
สวยมากค่า,1
เกาะล้านยังสวยงามอยู่มากนะคะ,1
น้ำใส สวยสมคำล่ำลื่อม,1
สวยคับ 555,1
ภูมิใจสุดๆ,1
น้ำทะเลใส บรรยากาศดี,1
หาดสวย วิวดี เมืองที่ไม่เคยหลับ,1
หาดดีมีชื่อเสียง,1
ห้างสุดหรูกลางเมือง,1
หาดยอดนิยม ของภูเก็ต,1
ยิ่งเดินสบาย,1
ชายหาดที่ไม่มีวันหลับ,1
บรรยากาศในสยาม พารากอนน่ารัก,1
ร้านค้าที่นี่มีความหลากหลายมาก,1
การจัดโปรโมชั่นที่นี่น่าสนใจมาก,1
บริการลูกค้าเป็นกันเองและเป็นมิตร,1
มีสถานที่นั่งรอและพักผ่อนอย่างสะดวก,1
อาหารและเครื่องดื่มที่นี่อร่อยมาก,1
มีกิจกรรมและสิ่งที่สนุกสนานมากมาย,1
บางร้านมีการแจกแจงของฟรี,1
การจัดแสดงและกิจกรรมที่น่าตื่นเต้น,1
ร้านค้ามีการจัดวางสินค้าที่เป็นระเบียบ,1
มีที่จอดรถที่สะดวกสบาย,1
การเดินทางสะดวก,1
บางร้านมีราคาที่เป็นมิตร,1
มีร้านค้าที่นำเข้าสินค้านานาชาติ,1
บรรยากาศส่วนตัวและสบาย,1
ความสะอาดรักษาได้ดี,1
บางครั้งมีโปรโมชั่นลดราคา,1
ร้านค้ามีการบริการที่รวดเร็ว,1
มีบริการช่วยเหลือและแนะนำสินค้า,1
มีที่นั่งพักผ่อนและพื้นที่สวน,1
ร้านค้ามีการเปิดให้บริการที่ยาวนาน,1
บางร้านมีการจัดโปรโมชั่นส่วนลด,1
มีบริการลูกค้าในภาษาต่างประเทศ,1
มีการจัดแสดงที่น่าสนใจ,1
บางร้านมีการส่งสินค้าถึงบ้าน,1
การเดินทางสามารถทำได้ในระยะเดิน,1
บางร้านมีการจัดบรรยากาศที่น่ารัก,1
มีบริการที่ช่วยเหลือคนพิการ,1
บางร้านมีโปรโมชั่นสำหรับลูกค้าประจำ,1
มีที่นั่งด้านนอกที่สะดวกสบาย,1
มีสถานที่ถ่ายรูปที่สวยงาม,1
บางร้านมีการจัดกิจกรรมส่งเสริมการขาย,1
ร้านค้ามีสินค้าที่น่าสนใจและไม่ซ้ำซาก,1
มีที่นั่งพักที่มีวิวที่น่าสนใจ,1
บางร้านมีการจัดทำงานแสดงศิลปะ,1
มีบริการลูกค้าออนไลน์ที่ดี,1
ได้เห็นศิลปะที่สวยงาม,1
บางร้านมีการจัดโปรโมชั่นเฉพาะวัน,1
มีร้านค้าที่เน้นสินค้าภาคใต้,1
บางร้านมีการจัดทำนาฬิกาที่น่าสนใจ,1
บางร้านมีบริการจัดส่งฟรี,1
บรรยากาศในห้างเงียบสงบและเพราะ,1
บางร้านมีโปรโมชั่นแฟลชเซลล์,1
มีที่จอดรถสำหรับคนพิการ,1
บางร้านมีบริการแต่งตัว,1
มีที่นั่งสำหรับพักผ่อน,1
บางร้านมีบริการแก้ไขสินค้า,1
มีบริการช่วยเหลือด้านต่าง ๆ,1
ร้านค้ามีสินค้าที่เน้นวัฒนธรรมไทย,1
บางร้านมีบริการจัดงานสัมมนา,1
มีที่นั่งรอในรถลิฟท์ที่สะดวก,1
หาดสวยค่ะ,1
เดินทั้งวันก้อไม่เบื่อค่ะ,1
คุ้มค่าแก่การเข้าชม,1
อยากหนีความวุ่นวายจากเกาะอื่นๆมาเกาะนี้ได้,1
สวยมากครับ บรรยากาศดี,1
มันใช้ได้,1
ทะเลบางแสนมีวิวที่งดงาม,1
มีร้านอาหารทะเลที่อร่อย,1
ทะเลบางแสนมีทรัพยากรทะเลมาก,1
มีกิจกรรมทางทะเลที่น่าสนุก,1
ทะเลบางแสนมีสถานที่ท่องเที่ยวทะเล,1
มีโรงแรมทะเลที่มีบริการดี,1
ทะเลบางแสนมีการจัดงานทางทะเล,1
มีสวนสนุกทะเลที่น่าสนใจ,1
ทะเลบางแสนมีที่นั่งชมวิวทะเล,1
มีกิจกรรมท่องเที่ยวทะเลที่น่าสนใจ,1
ทะเลบางแสนมีการบริการท่องเที่ยวทะเล,1
มีกิจกรรมทะเลที่สนุกสนาน,1
ทะเลบางแสนมีการจัดกิจกรรมทะเล,1
มีกิจกรรมทะเลที่สนุกสนาน,1
ทะเลบางแสนมีร้านค้าทะเลที่น่าสนใจ,1
มีสถานที่ท่องเที่ยวทะเลที่สวยงาม,1
มีกิจกรรมทะเลที่สนุกสนาน,1
ทะเลบางแสนมีที่นั่งรอชมพระอาทิตย์ตก,1
มีกิจกรรมทะเลที่สนุกสนาน,1
ทะเลบางแสนมีการจัดงานทะเล,1
มีกิจกรรมทะเลที่สนุกสนาน,1
มีกิจกรรมทะเลที่สนุกสนาน,1
มีที่พักทะเลที่มีความสะดวกสบาย,1
มีสถานที่ท่องเที่ยวในทะเลที่สวยงาม,1
มีกิจกรรมทะเลที่สนุกสนาน,1
น้ำตกมีทรัพยากรธรรมชาติที่สวยงาม,1
บรรยากาศรอบน้ำตกเงียบสงบ,1
น้ำตกเป็นสถานที่ท่องเที่ยวที่เหมาะกับการพักผ่อน,1
บริเวณรอบน้ำตกมีพื้นที่สีเขียวที่สวยงาม,1
น้ำตกมีการจัดการท่องเที่ยวที่ดี,1
บรรยากาศรอบน้ำตกเงียบสงบ,1
น้ำตกมีการจัดกิจกรรมท่องเที่ยวที่น่าสนใจ,1
บริเวณรอบน้ำตกมีที่นั่งพักผ่อนที่สะดวกสบาย,1
น้ำตกมีลักษณะทางธรรมชาติที่น่าทึ่ง,1
บรรยากาศรอบน้ำตกสดชื่น,1
น้ำตกมีที่จอดรถสะดวก,1
ไปแล้วมีความสุขทางใจมากค่ะ,1
บรรยากาศรอบน้ำตกสวยงาม,1
การเดินทางโดยเรือสะดวก,1
เป็นสถานที่ท่องเที่ยวที่สวยงามมาก,1
สปานี้มีบรรยากาศที่เงียบสงบและผ่อนคลาย,1
บรรยากาศภายในสปานี้น่ารู้สึกสบาย,1
บริการที่นี่มีคุณภาพดี,1
พนักงานที่สปานี้เอาใจใส่และเป็นมืออาชีพ,1
สปานี้มีการตกแต่งที่สวยงาม,1
บรรยากาศที่นี่สร้างความผ่อนคลาย,1
บริการนวดที่นี่ทำได้ดีและมีประสิทธิภาพ,1
การเตรียมรับการให้บริการที่สปานี้ดีมาก,1
สปานี้มีบรรยากาศที่สงบและเงียบสงบ,1
บริการนวดที่นี่มีคุณภาพ,1
พนักงานที่สปานี้มีความเป็นมืออาชีพ,1
สปานี้มีการตกแต่งที่น่าสนใจ,1
เป็นประสบการที่น่าจดจำ,1
บรรยากาศที่นี่สร้างความผ่อนคลาย,1
สปานี้มีการเลือกน้ำมันหอมระเหยที่หลากหลาย,1
บริการนวดที่นี่มีคุณภาพ,1
การให้บริการที่นี่มีมาตรฐานสูง,1
สปานี้มีการจัดสรรพื้นที่อย่างเหมาะสม,1
สนุกมากเลย,1
บรรยากาศที่นี่สร้างความผ่อนคลาย,1
ทิวทัศน์สวยมาก,1
บริการนวดที่นี่มีคุณภาพ,1
วัดที่นักท่องเที่ยวมาเยอะและสวยงามมหัศจรรในด้านศิลปะวัฒนะธรรมและการท่องเที่ยวมีหลากหลายให้ชมวิว,1
การเลือกสรรของสปานี้ทำให้คนต้องการกลับมา,1
บรรยากาศภายในสปานี้น่ารัก,1
พักสายตาได้ดีมาก การมาเที่ยวที่มี ใบไม้ ใบหญ้า สีเขียว ทำให้พักผ่อนสายตาจากการทำงาน,1
รู้สึกคลายเครียด หายเหนื่อย สดชื่น และไม่ไกลจากกรุงเทพ (รถติดนิดหน่อยนะคะ),1
บรรยากาศที่นี่มีความเป็นส่วนตัว,1
ตลาดนี้น่าสนใจมาก,1
คนละเรื่องกันเลยวิวสวยมาก,1
โคตรดี,1
มีที่เที่ยวเยอะ,1
ธรรมชาติ ป่าไม้ ร่มรื่นมาก อากาศเย็นสบาย เสียงน้ำตกกระหึ่มไปทั่วป่า มีเส้นทางเดินที่ปลอดภัย มีป้ายบอกทางที่ชัดเจน,1
โคตรเจ๋ง,1
TS เป็นวิธีการเดินทางที่สะดวกและรวดเร็วในกรุงเทพมหานคร เป็นทางเลือกที่ดีสำหรับการหลีกเลี่ยงปัญหาการจราจรและภาษีทางถนนที่แท้จริง (ยกเว้นชั่วโมงเร่งด่วนนะ),1
การเดินทางด้วยรถไฟฟ้าถือว่าเป็นการเดินทางที่สะดวกและรวดเร็ว ถึงแม้คนอาจจะแน่นไปซักนิดแต่ก็ไม่ถือเป็นอุปสรรคต่อการโดยสาร แต่อยากให้เพิ่มเก้าอี้ให้อีก,1
สดวกสะบาย เดินทางไปกลับทุกวัน,1
โคตรสนุก,1
ตลาดนี้มีสินค้าที่น่าสนใจมากมาย,1
ตลาดนี้มีบรรยากาศที่เป็นมิตร,1
บรรยากาศภายในตลาดนี้น่าอยู่,1
วัดสวยงาม เเต่ชาวต่างชาติค่อนข้างเยอะ คนเเน่นวัด อยากถ่ายรูปสวยๆก็หาจังหวะยากมาก ภายในวัดสะอาดสะอ้าน การจัดการดี,1
ราคาของสินค้าที่นี่เป็นไปได้,1
หาของกินง่ายมาก,1
การเดินทางมายังตลาดนี้สะดวก,1
บรรยากาศภายในตลาดนี้น่ารัก,1
รู้สึกดีมากๆ,1
รู้สึกดี,1
โชคดีที่พนักงงานที่โรงแรมแนะนำมา,1
การบริการของผู้ขายที่นี่ดีมาก,1
สินค้าที่นี่มีความหลากหลาย,1
แย่ตรงไหน,1
ที่นั่งมีพร้อมและสะอาดมาก,1
ก็ดี,1
มีที่จอดรถ,1
สินค้าที่นี่มีคุณภาพดี,1
อุทยานนี้มีธรรมชาติที่งดงามมาก,1
วิวที่นี่สวยงามมาก,1
อากาศรอบตัวที่อุทยานนี้สดชื่น,1
ความเงียบสงบที่นี่เหมาะแก่การพักผ่อน,1
พื้นที่ในอุทยานถูกบริหารรัดแก้ว,1
มีกิจกรรมที่นี่มากมาย,1
รู้สึกประทับใจมาก,1
สภาพแวดล้อมที่นี่สะอาดและเป็นระเบียบ,1
สถานที่นี้เหมาะสำหรับการท่องเที่ยวกับครอบครัว,1
มีสิ่งอำนวยความสะดวกที่ดี,1
การบริการที่นี่ดีเยี่ยม,1
รู้สึกชอบมาก,1
เป็นเกาะที่ร้อนบรม ไปหน้าร้อนนี่ไม่ได้เลย ร้อนเกิน ไปหน้าฝนหน้าหนาวนี่โอเค,2
เกาะล้านผมไม่คิดจะไปเหยียบอีกแล้วครับ,2
ไปมา 2 ครั้งครั้งแรกก็ที่พักยอดแย่ เจ้าของปากเสีย,2
เกาะล้านห่วยหมดอะ เล่นตัวสุดๆตั้งแต่จะจองห้องพักละ หลายที่เลย สงสัยจะเอาแต่ทัวร์จีน,2
เจอแบบนี้แย่เลย ตอนคิดตังค์ทำไมไม่ลืม แต่จัดของให้ทำไมลืมล่ะเนี่ย มาด่าลูกค้าอีก แย่จังค่ะ,2
แย่มากเจอแบบนี้ นิสัยไม่ดีเอาเสียเลย พูดจาน่ารักแบบนี้กิจการคงไปได้ดีหรอก,2
ห่วยแบบนี้สมควรประนาม อะไรมาด่าลูกค้า,2
แย่มาก,2
ห่วย,2
ที่นี่มีกับดักนักท่องเที่ยวเสมอมา,2
รูปภาพที่คุณดูออนไลน์มีในชีวิตจริงดีกว่า วัดที่ยังสร้างไม่เสร็จเป็นครึ่ง,2
ร้อน และแออัด,2
มาเฟียแท็กซี่,2
ไม่มีรสนิยมที่ดี เชิงพาณิชย์ ราคาแพงเกินไป และเนื้อหา,2
คนเยอะไปหน่อย,2
ปัญหา​รองเท้าหาย,2
อากาศที่นี่ร้อนอบอ้าวมาก,2
แออัดเกินไป,2
อย่าเสียเวลาของคุณ,2
บริการแย่มาก,2
อย่าเสียเวลาของคุณ พลัง และเงินในห้างสรรพสินค้าแห่งนี้,2
มันไม่พอดีกับ/เดินทางแบกเป้เที่ยว,2
น่าผิดหวังมาก ๆ,2
ไม่มีจุดหมายเว้นแต่หิว,2
แย่ไป,2
เสียเวลา ราคาแพงเกินไป,2
ไม่ได้เรื่องเลย,2
ไม่คุ้มค่าแก่การเข้าชม,2
ราคาแพงเกินไป,2
น่ากลัว,2
น่าผิดหวัง,2
ฉันคาดหวังไว้มากกว่านั้น,2
คนเยอะมาก ๆ เดินชนกันตลอด,2
จอดรถก็หายากมาก,2
เห็นราคาแล้วมิอาจเอื้อม,2
ราคานั้นคุณต้องทราบว่ามันค่อนข้างแพง,2
ของข้างในแพง,2
บางวัดมีสภาพแวดล้อมที่ไม่ดี,2
บรรยากาศในวัดบางแห่งเสียอารมณ์,2
บางวัดมีสถาปัตยกรรมที่ไม่น่าสนใจ,2
มีวัฒนธรรมการลบทำลายสิ่งสวยงาม,2
บางวัดมีการบำบัดภาพลักษณ์,2
บรรยากาศในวัดบางแห่งไม่สะดวกสบาย,2
มีสถานที่ทำบุญที่เหม็น,2
บางวัดมีการจัดวางที่นั่งที่ไม่สะดวก,2
วัดบางแห่งมีคนขายของมากมาย,2
บางวัดมีประชากรที่ไม่เอาใจใส่,2
บางวัดมีการจัดกิจกรรมที่ไม่เกี่ยวข้อง,2
มีที่นั่งสวยงามแต่ไม่สะดวก,2
บางวัดมีการขายของที่ไม่เป็นธรรม,2
บางวัดมีสถาปัตยกรรมที่ไม่เอาใจใส่,2
มีพระพุทธรูปที่ไม่ได้รับการบำรุงรักษา,2
บางวัดมีสภาพแวดล้อมที่ไม่สะดวก,2
วัดบางแห่งมีกิจกรรมที่ไม่เคารพศักดิ์ศรี,2
บางวัดมีบุคคลที่ขายของที่แพง,2
มีที่นั่งพักที่ไม่สะดวกสบาย,2
บางวัดมีการสร้างสถานที่ที่ไม่เป็นระเบียบ,2
วัดบางแห่งมีคนเยอะมาก,2
บางวัดมีการตั้งนาฬิกาที่ไม่สวยงาม,2
บางวัดมีพระพุทธรูปที่ไม่สวยงาม,2
วัดบางแห่งมีกิจกรรมที่ไม่ค่อยมีความสำคัญ,2
วัดมีบุคคลที่ทำลายสิ่งสวยงาม,2
บางวัดมีกิจกรรมที่ไม่เกี่ยวข้อง,2
บางวัดมีการขายของที่ไม่ได้มาตรฐาน,2
บางวัดมีคนเยอะมาก,2
ไม่มีที่จอดรถ,2
มีบุคคลที่ไม่เคารพสัญลักษณ์ศาสนา,2
บางวัดมีกิจกรรมที่รบกวน,2
มีที่นั่งพักที่มีวิวที่ไม่น่าสนใจ,2
วัดบางแห่งมีกิจกรรมที่ไม่สุภาพ,2
มีที่นั่งรอในวัดที่ไม่สะดวกสบาย,2
บางวัดมีการจัดกิจกรรมที่ไม่สนุกสนาน,2
มีสถานที่ทำบุญที่ไม่สะดวก,2
บางวัดมีการจัดวางสินค้าที่ไม่น่าสนใจ,2
ร้านแปลกๆ,2
อย่าขับรถไปเองเด็ดขาด,2
เลียนแบบที่สุดของมัน,2
วุ่นวายคนเยอะ,2
เดินจะเหนื่อย,2
ถ้าคุณเข้าไปในราคาเต็มสินค้าจากแบรนด์ชั้นนำสาย ลงมือเลย ถ้าคุณเป็นนักท่องเที่ยวปกติ เป็นเสียเวลา,2
เสียเวลา,2
ร้านค้าที่ดี แย่โครงสร้าง,2
สยาม พารากอนมีคนเยอะมาก ทำให้ไม่สบายตัว,2
ราคาสินค้าที่นี่แพงมาก,2
การจอดรถยากและมีค่าธรรมเนียมสูง,2
คนเยอะทำให้ต้องรอนานที่ร้านอาหาร,2
บริการลูกค้าบางทีไม่ดี,2
โซนรอบๆ มีการก่อกวนจากคนขายของ,2
บรรยากาศไม่สดชื่น เพราะคนเยอะ,2
มีปัญหาด้านความสะอาด,2
รอบๆ มีรถจอดมากมาย ทำให้ถี่ถ้วน,2
คิวที่ร้านอาหารยาวมาก,2
ระบบลิฟท์มักมีปัญหา,2
บางครั้งมีกิจกรรมที่เสียเงิน,2
สัญญาณ Wi-Fi อ่อน,2
เน็ตไม่ดี,2
ทางเข้าจะเข้าได้ทางเดียวเท่านั้น,2
เน็ตแย่มาก,2
ฝุ่นละอองที่นี่มีมาก,2
คนเยอะทำให้เสียงดัง,2
สภาพอากาศในห้างไม่ค่อยดี,2
บางครั้งมีการแข่งขันจับชุดแต่งงานทำให้วุ่นวาย,2
คนมีมากมายทำให้การเดินทางลำบาก,2
บางร้านมีราคาสินค้าเหมือนกับที่อื่น,2
บางครั้งมีคนเก็บเงินตามทาง,2
การติดต่อกับพนักงานยาก,2
ร้านบางแห่งสินค้าหรูมีการจำกัดลูกค้า,2
บางร้านไม่มีการลดราคาหรือโปรโมชั่น,2
การจัดทำแสตนด์ไม่ดี,2
ระบบการจ่ายเงินบางครั้งมีปัญหา,2
บางครั้งมีการแจ้งเตือนส่งเสริมขายที่รบกวน,2
ร้านอาหารบางแห่งอาหารไม่ค่อยอร่อย,2
คนเยอะทำให้รถเข็นไม่พอใช้,2
บางช่วงเวลาที่คนเยอะมีความวุ่นวาย,2
ร้านบางแห่งมีการขายของที่ไม่ค่อยเป็นธรรม,2
ค่าน้ำหนักสินค้ามีค่าที่สูง,2
บางครั้งมีการแจกจ่ายตั๋วโชว์ที่น่ารำคาญ,2
บางร้านมีการจัดแสดงที่ไม่น่าสนใจ,2
บางครั้งมีปัญหาเรื่องการเข้า-ออกไปจากที่จอดรถ,2
คนเยอะทำให้สายตาขาดส่วนตัว,2
ร้านบางแห่งมีการขายของที่หมดหลังจากที่ลูกค้าเดินทางมาไกล,2
บางช่วงเวลามีคนแอบถ่ายรูป,2
บางร้านมีบุคคลขายของที่ไม่ค่อยมีความใจเย็น,2
บางร้านไม่ค่อยมีการติดตั้งมุมถ่ายรูปสวย ๆ,2
ค่าอาหารและเครื่องดื่มบางแห่งแพง,2
บางครั้งมีกลิ่นอับเหม็น,2
บางร้านมีการตั้งแผงโฆษณาที่รบกวน,2
บางร้านมีการจัดวางสินค้าที่ไม่ค่อยเป็นระเบียบ,2
บางร้านมีพนักงานที่ไม่ค่อยมีความเอาใจใส่,2
บางครั้งมีกิจกรรมที่ทำให้รบกวน,2
บางร้านมีการจัดทำโปรโมชั่นที่ไม่น่าสนใจ,2
ความต้องการส่วนตัวขัดขวาง,2
บางครั้งมีการแกล้งขายของ,2
บางร้านมีคนขายของที่ไม่ค่อยมีความรู้,2
บางร้านมีบริการที่ไม่ตอบโจทย์ความต้องการ,2
ทะเลมีมลพิษมากมาย,2
มีปัญหาการบริหารจัดการทะเล,2
ทะเลมีปัญหามลภาวะ,2
มีการสิ้นเปลืองทรัพยากรทะเล,2
ทะเลมีปัญหาการทิ้งขยะพลาสติก,2
มีการทำลายป่าชายเลนในทะเล,2
ทะเลมีปัญหาการล่าสัตว์ทะเล,2
มีปัญหาการทำลายป่าทะเล,2
ทะเลมีการปล่อยน้ำเสีย,2
มีการตกปลาอย่างไม่รับผิดชอบ,2
ทะเลมีปัญหาการทำลายป่ามังคุด,2
ทะเลมีปัญหาการล้างเรือน้ำมัน,2
ค่อนข้างน่าเบื่อ,2
มีการลักลอบล่อปลา,2
ทะเลมีปัญหาการประมงเกินกำหนด,2
มีการทิ้งขยะที่ไม่เป็นอันตราย,2
ทะเลมีปัญหาการล่อลวงสัตว์ทะเล,2
มีการใช้สารเคมีทำลายทะเล,2
ทะเลมีปัญหาการสูญเสียหายเหนือ,2
มีการทิ้งขยะเหลวลงทะเล,2
ทะเลมีปัญหาการล่าสัตว์ทะเลที่มีอันตราย,2
สถานที่ไม่สะอาดเลย,2
มีการทำลายป่าบริเวณชายฝั่ง,2
ทะเลมีปัญหาการสูญเสียหายใต้ทะเล,2
มีการทิ้งขยะพลาสติกในทะเล,2
ทะเลมีปัญหาการล้างถล่มทรัพยากรทะเล,2
มีการปล่อยสารเคมีที่ทำลายทะเล,2
มีการทิ้งขยะเหลวลงทะเล,2
มีการลักลอบจับปลาต่างๆ,2
ทะเลมีปัญหาการประมงทับทิม,2
มีการใช้สารเคมีในการประมง,2
เสียงดังรบกวนมาก,2
น้ำตกมีทรัพยากรธรรมชาติที่มีปัญหา,2
บรรยากาศรอบน้ำตกไม่สะดวกสบาย,2
น้ำตกมีการจัดการท่องเที่ยวที่ไม่ดี,2
บริเวณรอบน้ำตกมีสิ่งแวดล้อมที่เสียหาย,2
น้ำตกมีลักษณะทางธรรมชาติที่ไม่น่าสนใจ,2
บรรยากาศรอบน้ำตกไม่สดชื่น,2
น้ำตกมีการจัดกิจกรรมท่องเที่ยวที่ไม่น่าสนุก,2
บริเวณรอบน้ำตกมีที่นั่งพักผ่อนที่ไม่สะดวกสบาย,2
น้ำตกมีที่จอดรถที่ไม่สะดวก,2
บรรยากาศรอบน้ำตกไม่สวยงาม,2
สถานที่นี้ไม่มีอะไรน่าสนใจเลย,2
ที่นี่มีปัญหาด้านความสะอาด,2
ไม่มีกิจกรรมท่องเที่ยวที่น่าสนุก,2
ไม่มีสิ่งอำนวยความสะดวกสำหรับนักท่องเที่ยว,2
ไม่มีสิ่งที่น่าทึ่งใดๆ ที่สถานที่นี้,2
สภาพแวดล้อมรอบๆ ที่นี่ไม่ดีเลย,2
ไม่มีการจัดการท่องเที่ยวที่ดีเลย,2
สถานที่นี้ไม่น่าไปเที่ยวเลย,2
บรรยากาศรอบๆ สถานที่น่าเบื่อมาก,2
ที่นี่ไม่คุ้มค่ากับเวลาและเงินที่ใช้,2
ไม่มีที่นั่งพักผ่อนที่สะดวกสบาย,2
สปานี้ไม่คุ้มค่าเงินที่จ่าย,2
การบริการน้อยมาก,2
สปานี้ไม่ตอบสนองความคาดหวัง,2
พนักงานที่นี่ไม่มีความเอาใจใส่,2
การบริการที่นี่น่าผิดหวังมาก,2
ไม่แนะนำสปานี้ให้คนอื่น,2
สถานที่นี้ไม่สะอาด,2
บรรยากาศที่นี่ไม่สบาย,2
บรรยากาศภายในสปานี้น่ารำคาญ,2
ตลาดนี้ไม่น่าสนใจเท่าที่คิด,2
บรรยากาศในตลาดนี้ไม่น่ารัก,2
ราคาของสินค้าที่นี่สูงมาก,2
การบริการของผู้ขายที่นี่ไม่น่าพอใจ,2
บรรยากาศภายในตลาดนี้ไม่น่าอยู่,2
ตลาดนี้ไม่มีบรรยากาศที่เป็นมิตร,2
บรรยากาศภายในตลาดนี้ไม่น่ารัก,2
ตลาดนี้มีสินค้าที่ไม่น่าสนใจ,2
สินค้าที่นี่คุณภาพไม่ดี,2
สินค้าที่นี่ไม่มีความหลากหลาย,2
การเดินทางมายังตลาดนี้ไม่สะดวก,2
ไม่คุ้มค่ากับราคาตั๋วเข้า,2
วิวที่นี่ไม่น่าสนใจ,2
อุทยานนี้มีการจัดการที่ไม่ดี,2
สภาพแวดล้อมที่นี่ไม่สะอาด,2
ไม่มีกิจกรรมที่น่าสนใจ,2
บรรยากาศที่นี่ไม่น่าอยู่,2
ไม่มีสิ่งอำนวยความสะดวกที่ดี,2
การบริการที่นี่ไม่ดี,2
ไม่มีความเป็นระเบียบ,2
มีปัญหาเรื่องความปลอดภัย,2
ไม่มีความหลากหลายในกิจกรรม,2
ไม่น่าไปเลย,2
ไม่น่าสนใจ,2
สถานที่สกปรกมาก,2
เสียเวลาเดินทางมาก,2
การจัดระเบียบน่ากลัว,2
ไม่สนุกเลย,2
โคตรเแย่,2
โคตรน่าเบื่อ,2
แย่,2
รู้สึกแย่มาก,2
รู้สึกแย่,2
อยากให้ค่าโดยสารถูกลง เหมือนต่างประเทศ อารีย์ พญาไท 26 บาท จัดว่าเเพง,2
ยังไม่ได้เข้าชม แวะทานข้าวผิดหวังมากๆ,2
Portion น้อยมากๆ ในราคาสูงลิบ,2
ที่สำคัญ เวลานานมากกกก,2
ขุดทองไม่มีอะไรอื่น ทุกสิ่งมีค่าใช้จ่ายสองเท่าหรือสามเท่าอย่าใช้ร้านอาหารเป็นเพียงการปล้นเงินของคุณ,2
ที่น่าผิดหวัง,2
ไม่คุ้มกับความพยายามหรือเงิน มันเป็นที่นิยมมากที่สุด การสาธิตการแยกผ้าไหมมีน้อยที่สุด ประหยัดเงินของคุณและเยี่ยมชมวัดบางแห่ง,2
เราควรจะไปที่ร้านเพียงเพราะจ่ายค่าเข้าชมดูสับสนสำหรับผู้หญิงเพราะเราต้องจ่ายมากขึ้นเพราะเราเป็นชาวต่างชาติ! !,2
ไม่คุ้มค่ากับการเข้าชม,2
เสียเงินทัวร์ใช้เวลาประมาณ 15 นาทีไม่ได้รับอนุญาตให้ถ่ายรูปถอดรองเท้าของเราในทัวร์ใช้เวลาประมาณ 15 นาที,2
นี่เป็นเพียงที่น่าเบื่อ,2
พนักงานหยาบคายในร้านอาหารในสถานที่,2
เสียเงินและเงิน,2
การต้อนรับแย่มาก,2
ว้าว เพียงเสร็จสิ้นเสียเวลา,2
วุ่นวาย ช่องพนักงาน,2
โดยรวมแล้วน่าผิดหวัง,2
ไม่ประทับใจ,2
ปัญหาไม่คุ้ม!,2
ดีตรงไหน,2
โดตรห่วย,2
ห้องน้ำไม่สะอาด,2
ไม่มีอะไรเลย,2
ห้องน้ำสกปรก,2
ไม่ดี,2
แย่มากเลยครับ,2
บางจุดไม่สามารถเข้าชมได้,2
ห่วยมาก,2